{"root":[{"assemblyName":"Unity.Services.Core.Internal","nameSpace":"Unity.Services.Core.Internal","className":"TaskAsyncOperation","methodName":"SetScheduler","loadTypes":1,"isUnityClass":true},{"assemblyName":"Unity.Services.Core.Internal","nameSpace":"Unity.Services.Core.Internal","className":"UnityServicesInitializer","methodName":"CreateStaticInstance","loadTypes":2,"isUnityClass":true},{"assemblyName":"Unity.Services.Core.Internal","nameSpace":"Unity.Services.Core.Internal","className":"UnityServicesInitializer","methodName":"EnableServicesInitializationAsync","loadTypes":0,"isUnityClass":true},{"assemblyName":"Unity.Services.Core.Registration","nameSpace":"Unity.Services.Core.Registration","className":"CorePackageInitializer","methodName":"Register","loadTypes":1,"isUnityClass":true},{"assemblyName":"Unity.AdaptivePerformance","nameSpace":"UnityEngine.AdaptivePerformance","className":"AdaptivePerformanceInitializer","methodName":"Initialize","loadTypes":1,"isUnityClass":true},{"assemblyName":"Unity.AdaptivePerformance","nameSpace":"UnityEngine.AdaptivePerformance","className":"AdaptivePerformanceGeneralSettings","methodName":"AttemptInitializeAdaptivePerformanceOnLoad","loadTypes":2,"isUnityClass":true},{"assemblyName":"Unity.AdaptivePerformance","nameSpace":"UnityEngine.AdaptivePerformance","className":"AdaptivePerformanceGeneralSettings","methodName":"AttemptStartAdaptivePerformanceOnBeforeSplashScreen","loadTypes":3,"isUnityClass":true},{"assemblyName":"Unity.Services.Core","nameSpace":"Unity.Services.Core","className":"UnityThreadUtils","methodName":"CaptureUnityThreadInfo","loadTypes":4,"isUnityClass":true},{"assemblyName":"Unity.VisualScripting.Core","nameSpace":"Unity.VisualScripting","className":"RuntimeVSUsageUtility","methodName":"RuntimeInitializeOnLoadBeforeSceneLoad","loadTypes":1,"isUnityClass":true},{"assemblyName":"Unity.2D.Animation.Runtime","nameSpace":"","className":"$BurstDirectCallInitializer","methodName":"Initialize","loadTypes":2,"isUnityClass":true},{"assemblyName":"spine-unity","nameSpace":"Spine.Unity.AttachmentTools","className":"AtlasUtilities","methodName":"Init","loadTypes":4,"isUnityClass":false}]}
